{"trial_id": "0", "hyperparameters": {"space": [{"class_name": "Int", "config": {"name": "units", "default": null, "conditions": [], "min_value": 32, "max_value": 512, "step": 32, "sampling": "linear"}}, {"class_name": "Float", "config": {"name": "learning_rate", "default": 0.0001, "conditions": [], "min_value": 0.0001, "max_value": 0.01, "step": null, "sampling": "log"}}], "values": {"units": 448, "learning_rate": 0.0010955889746809093}}, "metrics": {"metrics": {"loss": {"direction": "min", "observations": [{"value": [0.7565962473551432], "step": 2}]}, "accuracy": {"direction": "max", "observations": [{"value": [0.5014299849669138], "step": 2}]}, "val_loss": {"direction": "min", "observations": [{"value": [1.039695938428243], "step": 2}]}, "val_accuracy": {"direction": "max", "observations": [{"value": [0.5016645193099976], "step": 2}]}}}, "score": 0.5016645193099976, "best_step": 2, "status": "COMPLETED", "message": null}