{"trial_id": "3", "hyperparameters": {"space": [{"class_name": "Int", "config": {"name": "units", "default": null, "conditions": [], "min_value": 32, "max_value": 512, "step": 32, "sampling": "linear"}}, {"class_name": "Float", "config": {"name": "learning_rate", "default": 0.0001, "conditions": [], "min_value": 0.0001, "max_value": 0.01, "step": null, "sampling": "log"}}], "values": {"units": 480, "learning_rate": 0.0010741913029985602}}, "metrics": {"metrics": {"loss": {"direction": "min", "observations": [{"value": [1.1799108187357585], "step": 0}]}, "accuracy": {"direction": "max", "observations": [{"value": [0.4988901615142822], "step": 0}]}, "val_loss": {"direction": "min", "observations": [{"value": [0.9265313545862833], "step": 0}]}, "val_accuracy": {"direction": "max", "observations": [{"value": [0.5016645193099976], "step": 0}]}}}, "score": 0.5016645193099976, "best_step": 0, "status": "COMPLETED", "message": null}