{"trial_id": "4", "hyperparameters": {"space": [{"class_name": "Int", "config": {"name": "units", "default": null, "conditions": [], "min_value": 32, "max_value": 512, "step": 32, "sampling": "linear"}}, {"class_name": "Float", "config": {"name": "learning_rate", "default": 0.0001, "conditions": [], "min_value": 0.0001, "max_value": 0.01, "step": null, "sampling": "log"}}], "values": {"units": 64, "learning_rate": 0.0005366200183488957}}, "metrics": {"metrics": {"loss": {"direction": "min", "observations": [{"value": [0.8706554571787516], "step": 2}]}, "accuracy": {"direction": "max", "observations": [{"value": [0.5026251673698425], "step": 2}]}, "val_loss": {"direction": "min", "observations": [{"value": [0.7008456587791443], "step": 2}]}, "val_accuracy": {"direction": "max", "observations": [{"value": [0.5026888449986776], "step": 2}]}}}, "score": 0.5026888449986776, "best_step": 2, "status": "COMPLETED", "message": null}