{"trial_id": "1", "hyperparameters": {"space": [{"class_name": "Int", "config": {"name": "units", "default": null, "conditions": [], "min_value": 32, "max_value": 512, "step": 32, "sampling": "linear"}}, {"class_name": "Float", "config": {"name": "learning_rate", "default": 0.0001, "conditions": [], "min_value": 0.0001, "max_value": 0.01, "step": null, "sampling": "log"}}], "values": {"units": 96, "learning_rate": 0.0021979153094558064}}, "metrics": {"metrics": {"loss": {"direction": "min", "observations": [{"value": [0.8848796486854553], "step": 0}]}, "accuracy": {"direction": "max", "observations": [{"value": [0.5010671416918436], "step": 0}]}, "val_loss": {"direction": "min", "observations": [{"value": [0.8776132464408875], "step": 0}]}, "val_accuracy": {"direction": "max", "observations": [{"value": [0.5018352468808492], "step": 0}]}}}, "score": 0.5018352468808492, "best_step": 0, "status": "COMPLETED", "message": null}