{"trial_id": "2", "hyperparameters": {"space": [{"class_name": "Int", "config": {"name": "units", "default": null, "conditions": [], "min_value": 32, "max_value": 512, "step": 32, "sampling": "linear"}}, {"class_name": "Float", "config": {"name": "learning_rate", "default": 0.0001, "conditions": [], "min_value": 0.0001, "max_value": 0.01, "step": null, "sampling": "log"}}], "values": {"units": 192, "learning_rate": 0.0004752827492128928}}, "metrics": {"metrics": {"loss": {"direction": "min", "observations": [{"value": [0.7885147531827291], "step": 2}]}, "accuracy": {"direction": "max", "observations": [{"value": [0.49989327788352966], "step": 2}]}, "val_loss": {"direction": "min", "observations": [{"value": [0.8358339071273804], "step": 2}]}, "val_accuracy": {"direction": "max", "observations": [{"value": [0.5021766821543375], "step": 2}]}}}, "score": 0.5021766821543375, "best_step": 2, "status": "COMPLETED", "message": null}