{"ongoing_trials": {}, "hyperparameters": {"space": [{"class_name": "Int", "config": {"name": "units", "default": null, "conditions": [], "min_value": 32, "max_value": 512, "step": 32, "sampling": "linear"}}, {"class_name": "Float", "config": {"name": "learning_rate", "default": 0.0001, "conditions": [], "min_value": 0.0001, "max_value": 0.01, "step": null, "sampling": "log"}}], "values": {"units": 32, "learning_rate": 0.0001}}, "start_order": ["0", "1", "2", "3", "4"], "end_order": ["0", "1", "2", "3", "4"], "run_times": {"0": 1, "1": 1, "2": 1, "3": 1, "4": 1}, "retry_queue": [], "seed": 1007, "seed_state": 1017, "tried_so_far": ["29131c82fd65d5ded12231dfba9e3744", "fa0c1b7cc9ac909a2f93d6698c1645e1", "8acebd2ff4a6657880585f6b81cd4c6e", "42d3fb6aa30b7468db108ca1d4bcd2b1", "9a7b13adcdba9a8c3e7d34296a074482"], "id_to_hash": {"0": "fa0c1b7cc9ac909a2f93d6698c1645e1", "1": "42d3fb6aa30b7468db108ca1d4bcd2b1", "2": "29131c82fd65d5ded12231dfba9e3744", "3": "9a7b13adcdba9a8c3e7d34296a074482", "4": "8acebd2ff4a6657880585f6b81cd4c6e"}, "display": {"search_start": "2023-11-15T17:32:31.825648", "trial_start": {"0": "2023-11-15T17:32:31.825648", "1": "2023-11-15T17:34:56.110386", "2": "2023-11-15T17:39:28.896266", "3": "2023-11-15T17:40:46.418558", "4": "2023-11-15T17:42:20.931932"}, "trial_number": {"0": 1, "1": 2, "2": 3, "3": 4, "4": 5}}}